{"cameraMode":{"drawMode":0,"name":"Shaded","section":"Shading Mode"},"sceneLighting":true,"audioPlay":false,"sceneViewState":{"showFog":true,"showMaterialUpdate":false,"showSkybox":true,"showFlares":true,"showImageEffects":true,"showParticleSystems":true},"in2DMode":false,"pivot":{"x":9.165166854858399,"y":1.4034533500671387,"z":0.7654970288276672},"rotation":{"x":0.060867130756378177,"y":0.6803628206253052,"z":-0.056874312460422519,"w":0.7281256318092346},"size":25.971830368041993,"orthographic":false}